instance,algorithm,family,series,customer_count,seed,coordinate_scale,analysis,parameter_value,parameter_unit,baseline_value,result_source,iterations,initial_feasible,initial_objective,best_feasible,best_cost,runtime,cpu_sec,initialization_sec,initialization_cpu_sec,optimizer_setup_sec,optimizer_setup_cpu_sec,total_sec,total_cpu_sec,fixed_cost,transport_cost,waiting_cost,tardiness_cost,carbon_cost,truck_distance,drone_distance,carbon_emissions_kg,number_of_drones_used,number_of_sorties,drone_customer_count,truck_customer_count,customers_per_sortie,late_customers,total_tardiness,best_updates,last_update_iter,final_polish_sec,final_polish_cpu_sec,pre_final_cost,search_before_final_sec,cost_reconciliation_error,truck_route,drone_routes,sensitive_customer_count,sensitive_customer_ids,sensitive_customer_values,sensitive_drone_customer_count,sensitive_drone_customer_ids,exposure_binding_tolerance_hour,binding_sensitive_customer_count,constraint_effective_rate_all_sensitive,binding_rate_among_drone_sensitive,average_remaining_exposure_time_hour,minimum_remaining_exposure_time_hour,sensitive_drone_exposure_records,relative_cost_change,algorithm_source_sha256,input_sha256,model_config_sha256
c101改5.xlsx,IALNS-final-frozen-20261002,C,101,5,104729,0.6,,,,,small_full_regression,4500,True,225.7931641095736,True,216.1790306306536,0.6179782000835985,0.609375,0.003069499973207712,,,,,,100.0,114.53356507901837,0.0,0.0,1.6454655516352306,38.17785502633945,0,8.227327758176152,0,0,,,,0,0.0,1,5,,,,,,"[0, 5, 3, 4, 2, 1, 6]","{""1"": [], ""2"": [], ""3"": [], ""4"": []}",,,,,,,,,,,,,,33cae732436e27f2e125a4b852688a3264f8017f2ac4c96951d0a47651527cfc,fd1ce8206d0a78a0544b4e3e5ad5fb814356c525172cf4779f68d03bb3b409f0,20b6e8c71f5cfb01323e59d5ca121cc97fba5bc4b709a592491601ea958ae000
c101改5.xlsx,IALNS-final-frozen-20261002,C,101,5,130363,0.6,,,,,small_full_regression,4500,True,225.7931641095736,True,216.1790306306536,0.576708700042218,0.515625,0.0025139000499621034,,,,,,100.0,114.53356507901837,0.0,0.0,1.6454655516352306,38.17785502633945,0,8.227327758176152,0,0,,,,0,0.0,1,7,,,,,,"[0, 5, 3, 4, 2, 1, 6]","{""1"": [], ""2"": [], ""3"": [], ""4"": []}",,,,,,,,,,,,,,33cae732436e27f2e125a4b852688a3264f8017f2ac4c96951d0a47651527cfc,fd1ce8206d0a78a0544b4e3e5ad5fb814356c525172cf4779f68d03bb3b409f0,20b6e8c71f5cfb01323e59d5ca121cc97fba5bc4b709a592491601ea958ae000
c101改5.xlsx,IALNS-final-frozen-20261002,C,101,5,155921,0.6,,,,,small_full_regression,4500,True,225.7931641095736,True,216.1790306306536,0.6355585000710562,0.625,0.0028788999188691378,,,,,,100.0,114.53356507901837,0.0,0.0,1.6454655516352306,38.17785502633945,0,8.227327758176152,0,0,,,,0,0.0,1,59,,,,,,"[0, 5, 3, 4, 2, 1, 6]","{""1"": [], ""2"": [], ""3"": [], ""4"": []}",,,,,,,,,,,,,,33cae732436e27f2e125a4b852688a3264f8017f2ac4c96951d0a47651527cfc,fd1ce8206d0a78a0544b4e3e5ad5fb814356c525172cf4779f68d03bb3b409f0,20b6e8c71f5cfb01323e59d5ca121cc97fba5bc4b709a592491601ea958ae000
c101改5.xlsx,IALNS-final-frozen-20261002,C,101,5,181081,0.6,,,,,small_full_regression,4500,True,225.7931641095736,True,216.1790306306536,0.7676746000070125,0.65625,0.0024808000307530165,,,,,,100.0,114.53356507901837,0.0,0.0,1.6454655516352306,38.17785502633945,0,8.227327758176152,0,0,,,,0,0.0,1,1,,,,,,"[0, 5, 3, 4, 2, 1, 6]","{""1"": [], ""2"": [], ""3"": [], ""4"": []}",,,,,,,,,,,,,,33cae732436e27f2e125a4b852688a3264f8017f2ac4c96951d0a47651527cfc,fd1ce8206d0a78a0544b4e3e5ad5fb814356c525172cf4779f68d03bb3b409f0,20b6e8c71f5cfb01323e59d5ca121cc97fba5bc4b709a592491601ea958ae000
c101改5.xlsx,IALNS-final-frozen-20261002,C,101,5,206369,0.6,,,,,small_full_regression,4500,True,225.7931641095736,True,216.1790306306536,0.7294551000231877,0.625,0.013706999947316945,,,,,,100.0,114.53356507901837,0.0,0.0,1.6454655516352306,38.17785502633945,0,8.227327758176152,0,0,,,,0,0.0,1,1,,,,,,"[0, 1, 2, 4, 3, 5, 6]","{""1"": [], ""2"": [], ""3"": [], ""4"": []}",,,,,,,,,,,,,,33cae732436e27f2e125a4b852688a3264f8017f2ac4c96951d0a47651527cfc,fd1ce8206d0a78a0544b4e3e5ad5fb814356c525172cf4779f68d03bb3b409f0,20b6e8c71f5cfb01323e59d5ca121cc97fba5bc4b709a592491601ea958ae000
c101改5.xlsx,IALNS-final-frozen-20261002,C,101,5,231779,0.6,,,,,small_full_regression,4500,True,225.7931641095736,True,216.1790306306536,0.8255226000910625,0.640625,0.002572599914856255,,,,,,100.0,114.53356507901837,0.0,0.0,1.6454655516352306,38.17785502633945,0,8.227327758176152,0,0,,,,0,0.0,1,20,,,,,,"[0, 5, 3, 4, 2, 1, 6]","{""1"": [], ""2"": [], ""3"": [], ""4"": []}",,,,,,,,,,,,,,33cae732436e27f2e125a4b852688a3264f8017f2ac4c96951d0a47651527cfc,fd1ce8206d0a78a0544b4e3e5ad5fb814356c525172cf4779f68d03bb3b409f0,20b6e8c71f5cfb01323e59d5ca121cc97fba5bc4b709a592491601ea958ae000
c101改5.xlsx,IALNS-final-frozen-20261002,C,101,5,257053,0.6,,,,,small_full_regression,4500,True,225.7931641095736,True,216.1790306306536,0.6368751999689266,0.640625,0.005311699933372438,,,,,,100.0,114.53356507901837,0.0,0.0,1.6454655516352306,38.17785502633945,0,8.227327758176152,0,0,,,,0,0.0,1,1,,,,,,"[0, 5, 3, 4, 2, 1, 6]","{""1"": [], ""2"": [], ""3"": [], ""4"": []}",,,,,,,,,,,,,,33cae732436e27f2e125a4b852688a3264f8017f2ac4c96951d0a47651527cfc,fd1ce8206d0a78a0544b4e3e5ad5fb814356c525172cf4779f68d03bb3b409f0,20b6e8c71f5cfb01323e59d5ca121cc97fba5bc4b709a592491601ea958ae000
c101改5.xlsx,IALNS-final-frozen-20261002,C,101,5,282427,0.6,,,,,small_full_regression,4500,True,225.7931641095736,True,216.1790306306536,0.7499369999859482,0.703125,0.0028180000372231007,,,,,,100.0,114.53356507901837,0.0,0.0,1.6454655516352306,38.17785502633945,0,8.227327758176152,0,0,,,,0,0.0,1,3,,,,,,"[0, 5, 3, 4, 2, 1, 6]","{""1"": [], ""2"": [], ""3"": [], ""4"": []}",,,,,,,,,,,,,,33cae732436e27f2e125a4b852688a3264f8017f2ac4c96951d0a47651527cfc,fd1ce8206d0a78a0544b4e3e5ad5fb814356c525172cf4779f68d03bb3b409f0,20b6e8c71f5cfb01323e59d5ca121cc97fba5bc4b709a592491601ea958ae000
c101改5.xlsx,IALNS-final-frozen-20261002,C,101,5,307831,0.6,,,,,small_full_regression,4500,True,225.7931641095736,True,216.1790306306536,0.6779970999341458,0.671875,0.0023228999925777316,,,,,,100.0,114.53356507901837,0.0,0.0,1.6454655516352306,38.17785502633945,0,8.227327758176152,0,0,,,,0,0.0,1,1,,,,,,"[0, 5, 3, 4, 2, 1, 6]","{""1"": [], ""2"": [], ""3"": [], ""4"": []}",,,,,,,,,,,,,,33cae732436e27f2e125a4b852688a3264f8017f2ac4c96951d0a47651527cfc,fd1ce8206d0a78a0544b4e3e5ad5fb814356c525172cf4779f68d03bb3b409f0,20b6e8c71f5cfb01323e59d5ca121cc97fba5bc4b709a592491601ea958ae000
c101改5.xlsx,IALNS-final-frozen-20261002,C,101,5,333287,0.6,,,,,small_full_regression,4500,True,225.7931641095736,True,216.1790306306536,0.6637881000060588,0.609375,0.003696999978274107,,,,,,100.0,114.53356507901837,0.0,0.0,1.6454655516352306,38.17785502633945,0,8.227327758176152,0,0,,,,0,0.0,1,29,,,,,,"[0, 1, 2, 4, 3, 5, 6]","{""1"": [], ""2"": [], ""3"": [], ""4"": []}",,,,,,,,,,,,,,33cae732436e27f2e125a4b852688a3264f8017f2ac4c96951d0a47651527cfc,fd1ce8206d0a78a0544b4e3e5ad5fb814356c525172cf4779f68d03bb3b409f0,20b6e8c71f5cfb01323e59d5ca121cc97fba5bc4b709a592491601ea958ae000
r101改5.xlsx,IALNS-final-frozen-20261002,R,101,5,104729,0.6,,,,,small_full_regression,4500,True,354.30386609042733,True,337.8661401238072,1.7196505001047626,1.65625,0.010355400037951767,,,,,,140.0,195.18875871506316,0.0,0.0,2.677381408744081,56.90137357454102,81.61545997146693,13.386907043720402,2,3,,,,0,0.0,1,21,,,,,,"[0, 2, 4, 6]","{""1"": [{""p"": 1, ""launch"": 0, ""recovery"": 6, ""customers"": [5]}], ""2"": [{""p"": 1, ""launch"": 0, ""recovery"": 4, ""customers"": [3]}, {""p"": 2, ""launch"": 4, ""recovery"": 6, ""customers"": [1]}], ""3"": [], ""4"": []}",,,,,,,,,,,,,,33cae732436e27f2e125a4b852688a3264f8017f2ac4c96951d0a47651527cfc,f37e490ec0b7cf4ec5a7824f218146a83e171e5f21013c182c525e8138c478ea,84d32a2438f303974c930a85067ff08394df847b4f22ca7252ba2b151741b79a
r101改5.xlsx,IALNS-final-frozen-20261002,R,101,5,130363,0.6,,,,,small_full_regression,4500,True,354.30386609042733,True,337.8661401238072,1.8464897000230849,1.578125,0.003611500025726855,,,,,,140.0,195.18875871506316,0.0,0.0,2.677381408744081,56.90137357454102,81.61545997146693,13.386907043720402,2,3,,,,0,0.0,2,48,,,,,,"[0, 2, 4, 6]","{""1"": [{""p"": 1, ""launch"": 0, ""recovery"": 4, ""customers"": [3]}, {""p"": 2, ""launch"": 4, ""recovery"": 6, ""customers"": [1]}], ""2"": [{""p"": 1, ""launch"": 0, ""recovery"": 6, ""customers"": [5]}], ""3"": [], ""4"": []}",,,,,,,,,,,,,,33cae732436e27f2e125a4b852688a3264f8017f2ac4c96951d0a47651527cfc,f37e490ec0b7cf4ec5a7824f218146a83e171e5f21013c182c525e8138c478ea,84d32a2438f303974c930a85067ff08394df847b4f22ca7252ba2b151741b79a
r101改5.xlsx,IALNS-final-frozen-20261002,R,101,5,155921,0.6,,,,,small_full_regression,4500,True,354.30386609042733,True,337.8661401238072,1.9081035000272095,1.53125,0.0034829999785870314,,,,,,140.0,195.18875871506316,0.0,0.0,2.677381408744081,56.90137357454102,81.61545997146693,13.386907043720402,2,3,,,,0,0.0,1,12,,,,,,"[0, 4, 2, 6]","{""1"": [{""p"": 1, ""launch"": 0, ""recovery"": 4, ""customers"": [1]}, {""p"": 2, ""launch"": 4, ""recovery"": 6, ""customers"": [3]}], ""2"": [{""p"": 1, ""launch"": 0, ""recovery"": 6, ""customers"": [5]}], ""3"": [], ""4"": []}",,,,,,,,,,,,,,33cae732436e27f2e125a4b852688a3264f8017f2ac4c96951d0a47651527cfc,f37e490ec0b7cf4ec5a7824f218146a83e171e5f21013c182c525e8138c478ea,84d32a2438f303974c930a85067ff08394df847b4f22ca7252ba2b151741b79a
r101改5.xlsx,IALNS-final-frozen-20261002,R,101,5,181081,0.6,,,,,small_full_regression,4500,True,354.30386609042733,True,337.8661401238072,2.179070599959232,1.578125,0.015219800057820976,,,,,,140.0,195.18875871506316,0.0,0.0,2.677381408744081,56.90137357454102,81.61545997146693,13.386907043720402,2,3,,,,0,0.0,4,287,,,,,,"[0, 2, 4, 6]","{""1"": [{""p"": 1, ""launch"": 0, ""recovery"": 4, ""customers"": [3]}, {""p"": 2, ""launch"": 4, ""recovery"": 6, ""customers"": [1]}], ""2"": [{""p"": 1, ""launch"": 0, ""recovery"": 6, ""customers"": [5]}], ""3"": [], ""4"": []}",,,,,,,,,,,,,,33cae732436e27f2e125a4b852688a3264f8017f2ac4c96951d0a47651527cfc,f37e490ec0b7cf4ec5a7824f218146a83e171e5f21013c182c525e8138c478ea,84d32a2438f303974c930a85067ff08394df847b4f22ca7252ba2b151741b79a
r101改5.xlsx,IALNS-final-frozen-20261002,R,101,5,206369,0.6,,,,,small_full_regression,4500,True,354.30386609042733,True,337.8661401238072,1.8853154999669641,1.703125,0.0032972999615594745,,,,,,140.0,195.18875871506316,0.0,0.0,2.677381408744081,56.90137357454102,81.61545997146693,13.386907043720402,2,3,,,,0,0.0,3,189,,,,,,"[0, 2, 4, 6]","{""1"": [{""p"": 1, ""launch"": 0, ""recovery"": 6, ""customers"": [5]}], ""2"": [{""p"": 1, ""launch"": 0, ""recovery"": 4, ""customers"": [1]}, {""p"": 2, ""launch"": 4, ""recovery"": 6, ""customers"": [3]}], ""3"": [], ""4"": []}",,,,,,,,,,,,,,33cae732436e27f2e125a4b852688a3264f8017f2ac4c96951d0a47651527cfc,f37e490ec0b7cf4ec5a7824f218146a83e171e5f21013c182c525e8138c478ea,84d32a2438f303974c930a85067ff08394df847b4f22ca7252ba2b151741b79a
r101改5.xlsx,IALNS-final-frozen-20261002,R,101,5,231779,0.6,,,,,small_full_regression,4500,True,354.30386609042733,True,337.8661401238072,2.2189352000132203,1.8125,0.0036737999180331826,,,,,,140.0,195.18875871506316,0.0,0.0,2.677381408744081,56.90137357454102,81.61545997146693,13.386907043720402,2,3,,,,0,0.0,2,181,,,,,,"[0, 2, 4, 6]","{""1"": [{""p"": 1, ""launch"": 0, ""recovery"": 4, ""customers"": [3]}, {""p"": 2, ""launch"": 4, ""recovery"": 6, ""customers"": [1]}], ""2"": [{""p"": 1, ""launch"": 0, ""recovery"": 6, ""customers"": [5]}], ""3"": [], ""4"": []}",,,,,,,,,,,,,,33cae732436e27f2e125a4b852688a3264f8017f2ac4c96951d0a47651527cfc,f37e490ec0b7cf4ec5a7824f218146a83e171e5f21013c182c525e8138c478ea,84d32a2438f303974c930a85067ff08394df847b4f22ca7252ba2b151741b79a
r101改5.xlsx,IALNS-final-frozen-20261002,R,101,5,257053,0.6,,,,,small_full_regression,4500,True,354.30386609042733,True,337.8661401238072,2.1000944999977946,1.546875,0.003427900024689734,,,,,,140.0,195.18875871506316,0.0,0.0,2.677381408744081,56.90137357454102,81.61545997146693,13.386907043720402,2,3,,,,0,0.0,2,92,,,,,,"[0, 2, 4, 6]","{""1"": [{""p"": 1, ""launch"": 0, ""recovery"": 4, ""customers"": [3]}, {""p"": 2, ""launch"": 4, ""recovery"": 6, ""customers"": [1]}], ""2"": [{""p"": 1, ""launch"": 0, ""recovery"": 6, ""customers"": [5]}], ""3"": [], ""4"": []}",,,,,,,,,,,,,,33cae732436e27f2e125a4b852688a3264f8017f2ac4c96951d0a47651527cfc,f37e490ec0b7cf4ec5a7824f218146a83e171e5f21013c182c525e8138c478ea,84d32a2438f303974c930a85067ff08394df847b4f22ca7252ba2b151741b79a
r101改5.xlsx,IALNS-final-frozen-20261002,R,101,5,282427,0.6,,,,,small_full_regression,4500,True,354.30386609042733,True,337.8661401238072,1.8786290000425652,1.625,0.0031624999828636646,,,,,,140.0,195.18875871506316,0.0,0.0,2.677381408744081,56.90137357454102,81.61545997146693,13.386907043720402,2,3,,,,0,0.0,1,11,,,,,,"[0, 2, 4, 6]","{""1"": [{""p"": 1, ""launch"": 0, ""recovery"": 6, ""customers"": [5]}], ""2"": [{""p"": 1, ""launch"": 0, ""recovery"": 4, ""customers"": [3]}, {""p"": 2, ""launch"": 4, ""recovery"": 6, ""customers"": [1]}], ""3"": [], ""4"": []}",,,,,,,,,,,,,,33cae732436e27f2e125a4b852688a3264f8017f2ac4c96951d0a47651527cfc,f37e490ec0b7cf4ec5a7824f218146a83e171e5f21013c182c525e8138c478ea,84d32a2438f303974c930a85067ff08394df847b4f22ca7252ba2b151741b79a
r101改5.xlsx,IALNS-final-frozen-20261002,R,101,5,307831,0.6,,,,,small_full_regression,4500,True,354.30386609042733,True,337.8661401238072,2.616924099973403,1.71875,0.003171200049109757,,,,,,140.0,195.18875871506316,0.0,0.0,2.677381408744081,56.90137357454102,81.61545997146693,13.386907043720402,2,3,,,,0,0.0,1,18,,,,,,"[0, 2, 4, 6]","{""1"": [{""p"": 1, ""launch"": 0, ""recovery"": 4, ""customers"": [3]}, {""p"": 2, ""launch"": 4, ""recovery"": 6, ""customers"": [1]}], ""2"": [{""p"": 1, ""launch"": 0, ""recovery"": 6, ""customers"": [5]}], ""3"": [], ""4"": []}",,,,,,,,,,,,,,33cae732436e27f2e125a4b852688a3264f8017f2ac4c96951d0a47651527cfc,f37e490ec0b7cf4ec5a7824f218146a83e171e5f21013c182c525e8138c478ea,84d32a2438f303974c930a85067ff08394df847b4f22ca7252ba2b151741b79a
r101改5.xlsx,IALNS-final-frozen-20261002,R,101,5,333287,0.6,,,,,small_full_regression,4500,True,354.30386609042733,True,337.8661401238072,2.0981366999913007,1.484375,0.0035559999523684382,,,,,,140.0,195.18875871506316,0.0,0.0,2.677381408744081,56.90137357454102,81.61545997146693,13.386907043720402,2,3,,,,0,0.0,2,52,,,,,,"[0, 2, 4, 6]","{""1"": [{""p"": 1, ""launch"": 0, ""recovery"": 4, ""customers"": [3]}, {""p"": 2, ""launch"": 4, ""recovery"": 6, ""customers"": [1]}], ""2"": [{""p"": 1, ""launch"": 0, ""recovery"": 6, ""customers"": [5]}], ""3"": [], ""4"": []}",,,,,,,,,,,,,,33cae732436e27f2e125a4b852688a3264f8017f2ac4c96951d0a47651527cfc,f37e490ec0b7cf4ec5a7824f218146a83e171e5f21013c182c525e8138c478ea,84d32a2438f303974c930a85067ff08394df847b4f22ca7252ba2b151741b79a
rc101改5.xlsx,IALNS-final-frozen-20261002,RC,101,5,104729,0.6,,,,,small_full_regression,4500,True,345.87616569460596,True,330.7974880425257,1.7029061999637634,0.65625,0.005476700025610626,,,,,,100.0,227.5286596324725,0.0,0.0,3.2688284100531884,75.8428865441575,0,16.34414205026594,0,0,,,,0,0.0,1,2,,,,,,"[0, 1, 3, 5, 4, 2, 6]","{""1"": [], ""2"": [], ""3"": [], ""4"": []}",,,,,,,,,,,,,,33cae732436e27f2e125a4b852688a3264f8017f2ac4c96951d0a47651527cfc,e783a3a3ef14d57944296a497d632069e54615178c527b56a91b76f1a26c8a14,20b6e8c71f5cfb01323e59d5ca121cc97fba5bc4b709a592491601ea958ae000
rc101改5.xlsx,IALNS-final-frozen-20261002,RC,101,5,130363,0.6,,,,,small_full_regression,4500,True,345.87616569460596,True,330.7974880425257,0.744417899986729,0.515625,0.027622500085271895,,,,,,100.0,227.5286596324725,0.0,0.0,3.2688284100531884,75.8428865441575,0,16.34414205026594,0,0,,,,0,0.0,1,7,,,,,,"[0, 2, 4, 5, 3, 1, 6]","{""1"": [], ""2"": [], ""3"": [], ""4"": []}",,,,,,,,,,,,,,33cae732436e27f2e125a4b852688a3264f8017f2ac4c96951d0a47651527cfc,e783a3a3ef14d57944296a497d632069e54615178c527b56a91b76f1a26c8a14,20b6e8c71f5cfb01323e59d5ca121cc97fba5bc4b709a592491601ea958ae000
rc101改5.xlsx,IALNS-final-frozen-20261002,RC,101,5,155921,0.6,,,,,small_full_regression,4500,True,345.87616569460596,True,330.7974880425257,1.069676199927926,0.625,0.03828430001158267,,,,,,100.0,227.5286596324725,0.0,0.0,3.2688284100531884,75.8428865441575,0,16.34414205026594,0,0,,,,0,0.0,1,20,,,,,,"[0, 1, 3, 5, 4, 2, 6]","{""1"": [], ""2"": [], ""3"": [], ""4"": []}",,,,,,,,,,,,,,33cae732436e27f2e125a4b852688a3264f8017f2ac4c96951d0a47651527cfc,e783a3a3ef14d57944296a497d632069e54615178c527b56a91b76f1a26c8a14,20b6e8c71f5cfb01323e59d5ca121cc97fba5bc4b709a592491601ea958ae000
rc101改5.xlsx,IALNS-final-frozen-20261002,RC,101,5,181081,0.6,,,,,small_full_regression,4500,True,345.87616569460596,True,330.7974880425257,0.7673844000091776,0.640625,0.00944970001000911,,,,,,100.0,227.5286596324725,0.0,0.0,3.2688284100531884,75.8428865441575,0,16.34414205026594,0,0,,,,0,0.0,1,1,,,,,,"[0, 2, 4, 5, 3, 1, 6]","{""1"": [], ""2"": [], ""3"": [], ""4"": []}",,,,,,,,,,,,,,33cae732436e27f2e125a4b852688a3264f8017f2ac4c96951d0a47651527cfc,e783a3a3ef14d57944296a497d632069e54615178c527b56a91b76f1a26c8a14,20b6e8c71f5cfb01323e59d5ca121cc97fba5bc4b709a592491601ea958ae000
rc101改5.xlsx,IALNS-final-frozen-20261002,RC,101,5,206369,0.6,,,,,small_full_regression,4500,True,345.87616569460596,True,330.7974880425257,0.7413599999854341,0.671875,0.009413700085133314,,,,,,100.0,227.5286596324725,0.0,0.0,3.2688284100531884,75.8428865441575,0,16.34414205026594,0,0,,,,0,0.0,1,1,,,,,,"[0, 1, 3, 5, 4, 2, 6]","{""1"": [], ""2"": [], ""3"": [], ""4"": []}",,,,,,,,,,,,,,33cae732436e27f2e125a4b852688a3264f8017f2ac4c96951d0a47651527cfc,e783a3a3ef14d57944296a497d632069e54615178c527b56a91b76f1a26c8a14,20b6e8c71f5cfb01323e59d5ca121cc97fba5bc4b709a592491601ea958ae000
rc101改5.xlsx,IALNS-final-frozen-20261002,RC,101,5,231779,0.6,,,,,small_full_regression,4500,True,345.87616569460596,True,330.7974880425257,1.1383688999339938,0.59375,0.005321200005710125,,,,,,100.0,227.5286596324725,0.0,0.0,3.2688284100531884,75.8428865441575,0,16.34414205026594,0,0,,,,0,0.0,1,7,,,,,,"[0, 2, 4, 5, 3, 1, 6]","{""1"": [], ""2"": [], ""3"": [], ""4"": []}",,,,,,,,,,,,,,33cae732436e27f2e125a4b852688a3264f8017f2ac4c96951d0a47651527cfc,e783a3a3ef14d57944296a497d632069e54615178c527b56a91b76f1a26c8a14,20b6e8c71f5cfb01323e59d5ca121cc97fba5bc4b709a592491601ea958ae000
rc101改5.xlsx,IALNS-final-frozen-20261002,RC,101,5,257053,0.6,,,,,small_full_regression,4500,True,345.87616569460596,True,330.7974880425257,0.9811351998941973,0.59375,0.0031811000080779195,,,,,,100.0,227.5286596324725,0.0,0.0,3.2688284100531884,75.8428865441575,0,16.34414205026594,0,0,,,,0,0.0,1,1,,,,,,"[0, 2, 4, 5, 3, 1, 6]","{""1"": [], ""2"": [], ""3"": [], ""4"": []}",,,,,,,,,,,,,,33cae732436e27f2e125a4b852688a3264f8017f2ac4c96951d0a47651527cfc,e783a3a3ef14d57944296a497d632069e54615178c527b56a91b76f1a26c8a14,20b6e8c71f5cfb01323e59d5ca121cc97fba5bc4b709a592491601ea958ae000
rc101改5.xlsx,IALNS-final-frozen-20261002,RC,101,5,282427,0.6,,,,,small_full_regression,4500,True,345.87616569460596,True,330.7974880425257,0.8441116999601945,0.609375,0.0035053000319749117,,,,,,100.0,227.5286596324725,0.0,0.0,3.2688284100531884,75.8428865441575,0,16.34414205026594,0,0,,,,0,0.0,1,3,,,,,,"[0, 2, 4, 5, 3, 1, 6]","{""1"": [], ""2"": [], ""3"": [], ""4"": []}",,,,,,,,,,,,,,33cae732436e27f2e125a4b852688a3264f8017f2ac4c96951d0a47651527cfc,e783a3a3ef14d57944296a497d632069e54615178c527b56a91b76f1a26c8a14,20b6e8c71f5cfb01323e59d5ca121cc97fba5bc4b709a592491601ea958ae000
rc101改5.xlsx,IALNS-final-frozen-20261002,RC,101,5,307831,0.6,,,,,small_full_regression,4500,True,345.87616569460596,True,330.7974880425257,0.755464700050652,0.625,0.016739899991080165,,,,,,100.0,227.5286596324725,0.0,0.0,3.2688284100531884,75.8428865441575,0,16.34414205026594,0,0,,,,0,0.0,1,1,,,,,,"[0, 2, 4, 5, 3, 1, 6]","{""1"": [], ""2"": [], ""3"": [], ""4"": []}",,,,,,,,,,,,,,33cae732436e27f2e125a4b852688a3264f8017f2ac4c96951d0a47651527cfc,e783a3a3ef14d57944296a497d632069e54615178c527b56a91b76f1a26c8a14,20b6e8c71f5cfb01323e59d5ca121cc97fba5bc4b709a592491601ea958ae000
rc101改5.xlsx,IALNS-final-frozen-20261002,RC,101,5,333287,0.6,,,,,small_full_regression,4500,True,345.87616569460596,True,330.7974880425257,0.9653018999379128,0.5,0.0030456000240519643,,,,,,100.0,227.5286596324725,0.0,0.0,3.2688284100531884,75.8428865441575,0,16.34414205026594,0,0,,,,0,0.0,1,5,,,,,,"[0, 2, 4, 5, 3, 1, 6]","{""1"": [], ""2"": [], ""3"": [], ""4"": []}",,,,,,,,,,,,,,33cae732436e27f2e125a4b852688a3264f8017f2ac4c96951d0a47651527cfc,e783a3a3ef14d57944296a497d632069e54615178c527b56a91b76f1a26c8a14,20b6e8c71f5cfb01323e59d5ca121cc97fba5bc4b709a592491601ea958ae000
c101改15.xlsx,IALNS-final-frozen-20261002,C,101,15,104729,0.6,,,,,small_full_regression,4500,True,330.63057744292126,True,272.12481608066014,36.898368300055154,33.6875,0.029564899974502623,,,,,,120.0,136.37765668929734,13.886845058481192,0.0,1.8603143328815983,39.08997812715059,63.69240769281852,9.30157166440799,1,4,,,,0,0.0,25,720,,,,,,"[0, 7, 8, 9, 6, 4, 3, 5, 16]","{""1"": [{""p"": 1, ""launch"": 7, ""recovery"": 8, ""customers"": [10, 13]}, {""p"": 2, ""launch"": 8, ""recovery"": 9, ""customers"": [15, 14, 12]}, {""p"": 3, ""launch"": 9, ""recovery"": 6, ""customers"": [11]}, {""p"": 4, ""launch"": 4, ""recovery"": 5, ""customers"": [2, 1]}], ""2"": [], ""3"": [], ""4"": []}",,,,,,,,,,,,,,33cae732436e27f2e125a4b852688a3264f8017f2ac4c96951d0a47651527cfc,a0a257c3dd44debbd14ad568fabb8d37702ee2da4f84d1debda289f867748327,b9bd3d9ac94463144935585fb50ea710a1fd643498ab21316a34c3d31db7ad9e
c101改15.xlsx,IALNS-final-frozen-20261002,C,101,15,130363,0.6,,,,,small_full_regression,4500,True,319.4312199159187,True,272.12481608066014,35.56786690000445,32.109375,0.26693010004237294,,,,,,120.0,136.37765668929734,13.886845058481192,0.0,1.8603143328815983,39.08997812715059,63.69240769281852,9.30157166440799,1,4,,,,0,0.0,13,1224,,,,,,"[0, 7, 8, 9, 6, 4, 3, 5, 16]","{""1"": [{""p"": 1, ""launch"": 7, ""recovery"": 8, ""customers"": [10, 13]}, {""p"": 2, ""launch"": 8, ""recovery"": 9, ""customers"": [15, 14, 12]}, {""p"": 3, ""launch"": 9, ""recovery"": 6, ""customers"": [11]}, {""p"": 4, ""launch"": 4, ""recovery"": 5, ""customers"": [2, 1]}], ""2"": [], ""3"": [], ""4"": []}",,,,,,,,,,,,,,33cae732436e27f2e125a4b852688a3264f8017f2ac4c96951d0a47651527cfc,a0a257c3dd44debbd14ad568fabb8d37702ee2da4f84d1debda289f867748327,b9bd3d9ac94463144935585fb50ea710a1fd643498ab21316a34c3d31db7ad9e
c101改15.xlsx,IALNS-final-frozen-20261002,C,101,15,155921,0.6,,,,,small_full_regression,4500,True,323.9358258077234,True,273.32834405758,35.60645660001319,34.34375,0.04816290002781898,,,,,,120.0,136.85952338840096,14.60407958755506,0.0,1.8647410816240304,39.08997812715059,65.29863002316397,9.323705408120151,1,4,,,,0,0.0,26,2312,,,,,,"[0, 7, 8, 9, 6, 4, 3, 5, 16]","{""1"": [{""p"": 1, ""launch"": 7, ""recovery"": 8, ""customers"": [10, 11]}, {""p"": 2, ""launch"": 8, ""recovery"": 9, ""customers"": [15, 14, 12]}, {""p"": 3, ""launch"": 9, ""recovery"": 4, ""customers"": [13]}, {""p"": 4, ""launch"": 4, ""recovery"": 5, ""customers"": [2, 1]}], ""2"": [], ""3"": [], ""4"": []}",,,,,,,,,,,,,,33cae732436e27f2e125a4b852688a3264f8017f2ac4c96951d0a47651527cfc,a0a257c3dd44debbd14ad568fabb8d37702ee2da4f84d1debda289f867748327,b9bd3d9ac94463144935585fb50ea710a1fd643498ab21316a34c3d31db7ad9e
c101改15.xlsx,IALNS-final-frozen-20261002,C,101,15,181081,0.6,,,,,small_full_regression,4500,True,330.63057744292126,True,272.12481608066014,32.43292890000157,30.890625,0.04080920002888888,,,,,,120.0,136.37765668929734,13.886845058481192,0.0,1.8603143328815983,39.08997812715059,63.69240769281852,9.30157166440799,1,4,,,,0,0.0,11,2780,,,,,,"[0, 7, 8, 9, 6, 4, 3, 5, 16]","{""1"": [{""p"": 1, ""launch"": 7, ""recovery"": 8, ""customers"": [10, 13]}, {""p"": 2, ""launch"": 8, ""recovery"": 9, ""customers"": [15, 14, 12]}, {""p"": 3, ""launch"": 9, ""recovery"": 6, ""customers"": [11]}, {""p"": 4, ""launch"": 4, ""recovery"": 5, ""customers"": [2, 1]}], ""2"": [], ""3"": [], ""4"": []}",,,,,,,,,,,,,,33cae732436e27f2e125a4b852688a3264f8017f2ac4c96951d0a47651527cfc,a0a257c3dd44debbd14ad568fabb8d37702ee2da4f84d1debda289f867748327,b9bd3d9ac94463144935585fb50ea710a1fd643498ab21316a34c3d31db7ad9e
c101改15.xlsx,IALNS-final-frozen-20261002,C,101,15,206369,0.6,,,,,small_full_regression,4500,True,329.7689249117342,True,272.12481608066014,32.369454900035635,30.265625,0.03907539998181164,,,,,,120.0,136.37765668929734,13.886845058481192,0.0,1.8603143328815983,39.08997812715059,63.69240769281852,9.30157166440799,1,4,,,,0,0.0,12,1093,,,,,,"[0, 7, 8, 9, 6, 4, 3, 5, 16]","{""1"": [{""p"": 1, ""launch"": 7, ""recovery"": 8, ""customers"": [10, 13]}, {""p"": 2, ""launch"": 8, ""recovery"": 9, ""customers"": [15, 14, 12]}, {""p"": 3, ""launch"": 9, ""recovery"": 6, ""customers"": [11]}, {""p"": 4, ""launch"": 4, ""recovery"": 5, ""customers"": [2, 1]}], ""2"": [], ""3"": [], ""4"": []}",,,,,,,,,,,,,,33cae732436e27f2e125a4b852688a3264f8017f2ac4c96951d0a47651527cfc,a0a257c3dd44debbd14ad568fabb8d37702ee2da4f84d1debda289f867748327,b9bd3d9ac94463144935585fb50ea710a1fd643498ab21316a34c3d31db7ad9e
c101改15.xlsx,IALNS-final-frozen-20261002,C,101,15,231779,0.6,,,,,small_full_regression,4500,True,330.63057744292126,True,272.12481608066014,35.373470200109296,33.765625,0.04893040005117655,,,,,,120.0,136.37765668929734,13.886845058481192,0.0,1.8603143328815983,39.08997812715059,63.69240769281852,9.30157166440799,1,4,,,,0,0.0,20,663,,,,,,"[0, 7, 8, 9, 6, 4, 3, 5, 16]","{""1"": [{""p"": 1, ""launch"": 7, ""recovery"": 8, ""customers"": [10, 13]}, {""p"": 2, ""launch"": 8, ""recovery"": 9, ""customers"": [15, 14, 12]}, {""p"": 3, ""launch"": 9, ""recovery"": 6, ""customers"": [11]}, {""p"": 4, ""launch"": 4, ""recovery"": 5, ""customers"": [2, 1]}], ""2"": [], ""3"": [], ""4"": []}",,,,,,,,,,,,,,33cae732436e27f2e125a4b852688a3264f8017f2ac4c96951d0a47651527cfc,a0a257c3dd44debbd14ad568fabb8d37702ee2da4f84d1debda289f867748327,b9bd3d9ac94463144935585fb50ea710a1fd643498ab21316a34c3d31db7ad9e
c101改15.xlsx,IALNS-final-frozen-20261002,C,101,15,257053,0.6,,,,,small_full_regression,4500,True,319.4999602888541,True,272.12481608066014,33.544304299983196,31.703125,0.03419680008664727,,,,,,120.0,136.37765668929734,13.886845058481192,0.0,1.8603143328815983,39.08997812715059,63.69240769281852,9.30157166440799,1,4,,,,0,0.0,21,4146,,,,,,"[0, 7, 8, 9, 6, 4, 3, 5, 16]","{""1"": [{""p"": 1, ""launch"": 7, ""recovery"": 8, ""customers"": [10, 13]}, {""p"": 2, ""launch"": 8, ""recovery"": 9, ""customers"": [15, 14, 12]}, {""p"": 3, ""launch"": 9, ""recovery"": 6, ""customers"": [11]}, {""p"": 4, ""launch"": 4, ""recovery"": 5, ""customers"": [2, 1]}], ""2"": [], ""3"": [], ""4"": []}",,,,,,,,,,,,,,33cae732436e27f2e125a4b852688a3264f8017f2ac4c96951d0a47651527cfc,a0a257c3dd44debbd14ad568fabb8d37702ee2da4f84d1debda289f867748327,b9bd3d9ac94463144935585fb50ea710a1fd643498ab21316a34c3d31db7ad9e
c101改15.xlsx,IALNS-final-frozen-20261002,C,101,15,282427,0.6,,,,,small_full_regression,4500,True,330.63057744292126,True,272.12481608066014,31.09466209996026,29.6875,0.04710159997921437,,,,,,120.0,136.37765668929734,13.886845058481192,0.0,1.8603143328815983,39.08997812715059,63.69240769281852,9.30157166440799,1,4,,,,0,0.0,23,2715,,,,,,"[0, 7, 8, 9, 6, 4, 3, 5, 16]","{""1"": [{""p"": 1, ""launch"": 7, ""recovery"": 8, ""customers"": [10, 13]}, {""p"": 2, ""launch"": 8, ""recovery"": 9, ""customers"": [15, 14, 12]}, {""p"": 3, ""launch"": 9, ""recovery"": 6, ""customers"": [11]}, {""p"": 4, ""launch"": 4, ""recovery"": 5, ""customers"": [2, 1]}], ""2"": [], ""3"": [], ""4"": []}",,,,,,,,,,,,,,33cae732436e27f2e125a4b852688a3264f8017f2ac4c96951d0a47651527cfc,a0a257c3dd44debbd14ad568fabb8d37702ee2da4f84d1debda289f867748327,b9bd3d9ac94463144935585fb50ea710a1fd643498ab21316a34c3d31db7ad9e
c101改15.xlsx,IALNS-final-frozen-20261002,C,101,15,307831,0.6,,,,,small_full_regression,4500,True,330.63057744292126,True,272.12481608066014,31.930554699967615,31.640625,0.04630150005687028,,,,,,120.0,136.37765668929734,13.886845058481192,0.0,1.8603143328815983,39.08997812715059,63.69240769281852,9.30157166440799,1,4,,,,0,0.0,13,1328,,,,,,"[0, 7, 8, 9, 6, 4, 3, 5, 16]","{""1"": [{""p"": 1, ""launch"": 7, ""recovery"": 8, ""customers"": [10, 13]}, {""p"": 2, ""launch"": 8, ""recovery"": 9, ""customers"": [15, 14, 12]}, {""p"": 3, ""launch"": 9, ""recovery"": 6, ""customers"": [11]}, {""p"": 4, ""launch"": 4, ""recovery"": 5, ""customers"": [2, 1]}], ""2"": [], ""3"": [], ""4"": []}",,,,,,,,,,,,,,33cae732436e27f2e125a4b852688a3264f8017f2ac4c96951d0a47651527cfc,a0a257c3dd44debbd14ad568fabb8d37702ee2da4f84d1debda289f867748327,b9bd3d9ac94463144935585fb50ea710a1fd643498ab21316a34c3d31db7ad9e
c101改15.xlsx,IALNS-final-frozen-20261002,C,101,15,333287,0.6,,,,,small_full_regression,4500,True,330.63057744292126,True,272.12481608066014,29.782643200014718,29.5,0.027753100031986833,,,,,,120.0,136.37765668929734,13.886845058481192,0.0,1.8603143328815983,39.08997812715059,63.69240769281852,9.30157166440799,1,4,,,,0,0.0,18,1959,,,,,,"[0, 7, 8, 9, 6, 4, 3, 5, 16]","{""1"": [{""p"": 1, ""launch"": 7, ""recovery"": 8, ""customers"": [10, 13]}, {""p"": 2, ""launch"": 8, ""recovery"": 9, ""customers"": [15, 14, 12]}, {""p"": 3, ""launch"": 9, ""recovery"": 6, ""customers"": [11]}, {""p"": 4, ""launch"": 4, ""recovery"": 5, ""customers"": [2, 1]}], ""2"": [], ""3"": [], ""4"": []}",,,,,,,,,,,,,,33cae732436e27f2e125a4b852688a3264f8017f2ac4c96951d0a47651527cfc,a0a257c3dd44debbd14ad568fabb8d37702ee2da4f84d1debda289f867748327,b9bd3d9ac94463144935585fb50ea710a1fd643498ab21316a34c3d31db7ad9e
r101改15.xlsx,IALNS-final-frozen-20261002,R,101,15,104729,0.6,,,,,small_full_regression,4500,True,789.0527546663667,True,518.6848236949082,28.202070100000128,28.046875,0.045757299987599254,,,,,,140.0,345.60350747203296,9.573842885626853,18.765093588106794,4.742379749141636,100.86457703765936,143.36592119684946,23.71189874570818,2,6,,,,1,0.46912733970266984,19,952,,,,,,"[0, 12, 3, 1, 7, 8, 6, 13, 16]","{""1"": [{""p"": 1, ""launch"": 12, ""recovery"": 3, ""customers"": [4]}, {""p"": 2, ""launch"": 3, ""recovery"": 1, ""customers"": [9]}, {""p"": 3, ""launch"": 1, ""recovery"": 7, ""customers"": [10, 11]}, {""p"": 4, ""launch"": 6, ""recovery"": 13, ""customers"": [14]}], ""2"": [{""p"": 1, ""launch"": 0, ""recovery"": 6, ""customers"": [5]}, {""p"": 2, ""launch"": 6, ""recovery"": 13, ""customers"": [2, 15]}], ""3"": [], ""4"": []}",,,,,,,,,,,,,,33cae732436e27f2e125a4b852688a3264f8017f2ac4c96951d0a47651527cfc,bfe907e890727ae9ab821ccced69709c3f58886c87e14fd2fe9aed1e5a642b89,1916422664751d0b40fc13e6a662f8286d085a727dbf69ff7149c2837a6f959a
r101改15.xlsx,IALNS-final-frozen-20261002,R,101,15,130363,0.6,,,,,small_full_regression,4500,True,789.0527546663667,True,518.6848236949082,27.00401180004701,26.734375,0.03376099991146475,,,,,,140.0,345.60350747203296,9.573842885626853,18.765093588106794,4.742379749141636,100.86457703765936,143.36592119684946,23.71189874570818,2,6,,,,1,0.46912733970266984,19,934,,,,,,"[0, 12, 3, 1, 7, 8, 6, 13, 16]","{""1"": [{""p"": 1, ""launch"": 0, ""recovery"": 6, ""customers"": [5]}, {""p"": 2, ""launch"": 6, ""recovery"": 13, ""customers"": [2, 15]}], ""2"": [{""p"": 1, ""launch"": 12, ""recovery"": 3, ""customers"": [4]}, {""p"": 2, ""launch"": 3, ""recovery"": 1, ""customers"": [9]}, {""p"": 3, ""launch"": 1, ""recovery"": 7, ""customers"": [10, 11]}, {""p"": 4, ""launch"": 6, ""recovery"": 13, ""customers"": [14]}], ""3"": [], ""4"": []}",,,,,,,,,,,,,,33cae732436e27f2e125a4b852688a3264f8017f2ac4c96951d0a47651527cfc,bfe907e890727ae9ab821ccced69709c3f58886c87e14fd2fe9aed1e5a642b89,1916422664751d0b40fc13e6a662f8286d085a727dbf69ff7149c2837a6f959a
r101改15.xlsx,IALNS-final-frozen-20261002,R,101,15,155921,0.6,,,,,small_full_regression,4500,True,789.0527546663667,True,518.6848236949082,26.610895699937828,26.328125,0.040211700019426644,,,,,,140.0,345.60350747203296,9.573842885626853,18.765093588106794,4.742379749141636,100.86457703765936,143.36592119684946,23.71189874570818,2,6,,,,1,0.46912733970266984,17,976,,,,,,"[0, 12, 3, 1, 7, 8, 6, 13, 16]","{""1"": [{""p"": 1, ""launch"": 0, ""recovery"": 6, ""customers"": [5]}, {""p"": 2, ""launch"": 6, ""recovery"": 13, ""customers"": [14]}], ""2"": [{""p"": 1, ""launch"": 12, ""recovery"": 3, ""customers"": [4]}, {""p"": 2, ""launch"": 3, ""recovery"": 1, ""customers"": [9]}, {""p"": 3, ""launch"": 1, ""recovery"": 7, ""customers"": [10, 11]}, {""p"": 4, ""launch"": 6, ""recovery"": 13, ""customers"": [2, 15]}], ""3"": [], ""4"": []}",,,,,,,,,,,,,,33cae732436e27f2e125a4b852688a3264f8017f2ac4c96951d0a47651527cfc,bfe907e890727ae9ab821ccced69709c3f58886c87e14fd2fe9aed1e5a642b89,1916422664751d0b40fc13e6a662f8286d085a727dbf69ff7149c2837a6f959a
r101改15.xlsx,IALNS-final-frozen-20261002,R,101,15,181081,0.6,,,,,small_full_regression,4500,True,789.0527546663667,True,518.6848236949082,26.404803200042807,26.1875,0.052464500069618225,,,,,,140.0,345.60350747203296,9.573842885626853,18.765093588106794,4.742379749141636,100.86457703765936,143.36592119684946,23.71189874570818,2,6,,,,1,0.46912733970266984,26,2931,,,,,,"[0, 12, 3, 1, 7, 8, 6, 13, 16]","{""1"": [{""p"": 1, ""launch"": 12, ""recovery"": 3, ""customers"": [4]}, {""p"": 2, ""launch"": 3, ""recovery"": 1, ""customers"": [9]}, {""p"": 3, ""launch"": 1, ""recovery"": 7, ""customers"": [10, 11]}, {""p"": 4, ""launch"": 6, ""recovery"": 13, ""customers"": [2, 15]}], ""2"": [{""p"": 1, ""launch"": 0, ""recovery"": 6, ""customers"": [5]}, {""p"": 2, ""launch"": 6, ""recovery"": 13, ""customers"": [14]}], ""3"": [], ""4"": []}",,,,,,,,,,,,,,33cae732436e27f2e125a4b852688a3264f8017f2ac4c96951d0a47651527cfc,bfe907e890727ae9ab821ccced69709c3f58886c87e14fd2fe9aed1e5a642b89,1916422664751d0b40fc13e6a662f8286d085a727dbf69ff7149c2837a6f959a
r101改15.xlsx,IALNS-final-frozen-20261002,R,101,15,206369,0.6,,,,,small_full_regression,4500,True,789.0527546663667,True,518.6848236949082,26.013615099946037,25.859375,0.040780300041660666,,,,,,140.0,345.60350747203296,9.573842885626853,18.765093588106794,4.742379749141636,100.86457703765936,143.36592119684946,23.71189874570818,2,6,,,,1,0.46912733970266984,18,1814,,,,,,"[0, 12, 3, 1, 7, 8, 6, 13, 16]","{""1"": [{""p"": 1, ""launch"": 0, ""recovery"": 6, ""customers"": [5]}, {""p"": 2, ""launch"": 6, ""recovery"": 13, ""customers"": [14]}], ""2"": [{""p"": 1, ""launch"": 12, ""recovery"": 3, ""customers"": [4]}, {""p"": 2, ""launch"": 3, ""recovery"": 1, ""customers"": [9]}, {""p"": 3, ""launch"": 1, ""recovery"": 7, ""customers"": [10, 11]}, {""p"": 4, ""launch"": 6, ""recovery"": 13, ""customers"": [2, 15]}], ""3"": [], ""4"": []}",,,,,,,,,,,,,,33cae732436e27f2e125a4b852688a3264f8017f2ac4c96951d0a47651527cfc,bfe907e890727ae9ab821ccced69709c3f58886c87e14fd2fe9aed1e5a642b89,1916422664751d0b40fc13e6a662f8286d085a727dbf69ff7149c2837a6f959a
r101改15.xlsx,IALNS-final-frozen-20261002,R,101,15,231779,0.6,,,,,small_full_regression,4500,True,789.0527546663667,True,518.6848236949082,27.303894000011496,27.046875,0.037651099963113666,,,,,,140.0,345.60350747203296,9.573842885626853,18.765093588106794,4.742379749141636,100.86457703765936,143.36592119684946,23.71189874570818,2,6,,,,1,0.46912733970266984,21,1162,,,,,,"[0, 12, 3, 1, 7, 8, 6, 13, 16]","{""1"": [{""p"": 1, ""launch"": 12, ""recovery"": 3, ""customers"": [4]}, {""p"": 2, ""launch"": 3, ""recovery"": 1, ""customers"": [9]}, {""p"": 3, ""launch"": 1, ""recovery"": 7, ""customers"": [10, 11]}, {""p"": 4, ""launch"": 6, ""recovery"": 13, ""customers"": [2, 15]}], ""2"": [{""p"": 1, ""launch"": 0, ""recovery"": 6, ""customers"": [5]}, {""p"": 2, ""launch"": 6, ""recovery"": 13, ""customers"": [14]}], ""3"": [], ""4"": []}",,,,,,,,,,,,,,33cae732436e27f2e125a4b852688a3264f8017f2ac4c96951d0a47651527cfc,bfe907e890727ae9ab821ccced69709c3f58886c87e14fd2fe9aed1e5a642b89,1916422664751d0b40fc13e6a662f8286d085a727dbf69ff7149c2837a6f959a
r101改15.xlsx,IALNS-final-frozen-20261002,R,101,15,257053,0.6,,,,,small_full_regression,4500,True,789.0527546663667,True,518.6848236949082,28.16743959998712,27.90625,0.03366610000375658,,,,,,140.0,345.60350747203296,9.573842885626853,18.765093588106794,4.742379749141636,100.86457703765936,143.36592119684946,23.71189874570818,2,6,,,,1,0.46912733970266984,15,1860,,,,,,"[0, 12, 3, 1, 7, 8, 6, 13, 16]","{""1"": [{""p"": 1, ""launch"": 0, ""recovery"": 6, ""customers"": [5]}, {""p"": 2, ""launch"": 6, ""recovery"": 13, ""customers"": [14]}], ""2"": [{""p"": 1, ""launch"": 12, ""recovery"": 3, ""customers"": [4]}, {""p"": 2, ""launch"": 3, ""recovery"": 1, ""customers"": [9]}, {""p"": 3, ""launch"": 1, ""recovery"": 7, ""customers"": [10, 11]}, {""p"": 4, ""launch"": 6, ""recovery"": 13, ""customers"": [2, 15]}], ""3"": [], ""4"": []}",,,,,,,,,,,,,,33cae732436e27f2e125a4b852688a3264f8017f2ac4c96951d0a47651527cfc,bfe907e890727ae9ab821ccced69709c3f58886c87e14fd2fe9aed1e5a642b89,1916422664751d0b40fc13e6a662f8286d085a727dbf69ff7149c2837a6f959a
r101改15.xlsx,IALNS-final-frozen-20261002,R,101,15,282427,0.6,,,,,small_full_regression,4500,True,789.0527546663667,True,518.6848236949082,28.60935589997098,28.21875,0.031428899965249,,,,,,140.0,345.60350747203296,9.573842885626853,18.765093588106794,4.742379749141636,100.86457703765936,143.36592119684946,23.71189874570818,2,6,,,,1,0.46912733970266984,7,151,,,,,,"[0, 12, 3, 1, 7, 8, 6, 13, 16]","{""1"": [{""p"": 1, ""launch"": 12, ""recovery"": 3, ""customers"": [4]}, {""p"": 2, ""launch"": 3, ""recovery"": 1, ""customers"": [9]}, {""p"": 3, ""launch"": 1, ""recovery"": 7, ""customers"": [10, 11]}, {""p"": 4, ""launch"": 6, ""recovery"": 13, ""customers"": [2, 15]}], ""2"": [{""p"": 1, ""launch"": 0, ""recovery"": 6, ""customers"": [5]}, {""p"": 2, ""launch"": 6, ""recovery"": 13, ""customers"": [14]}], ""3"": [], ""4"": []}",,,,,,,,,,,,,,33cae732436e27f2e125a4b852688a3264f8017f2ac4c96951d0a47651527cfc,bfe907e890727ae9ab821ccced69709c3f58886c87e14fd2fe9aed1e5a642b89,1916422664751d0b40fc13e6a662f8286d085a727dbf69ff7149c2837a6f959a
r101改15.xlsx,IALNS-final-frozen-20261002,R,101,15,307831,0.6,,,,,small_full_regression,4500,True,789.0527546663667,True,518.6848236949082,25.69659040006809,25.4375,0.027116899960674345,,,,,,140.0,345.60350747203296,9.573842885626853,18.765093588106794,4.742379749141636,100.86457703765936,143.36592119684946,23.71189874570818,2,6,,,,1,0.46912733970266984,13,1295,,,,,,"[0, 12, 3, 1, 7, 8, 6, 13, 16]","{""1"": [{""p"": 1, ""launch"": 0, ""recovery"": 6, ""customers"": [5]}, {""p"": 2, ""launch"": 6, ""recovery"": 13, ""customers"": [2, 15]}], ""2"": [{""p"": 1, ""launch"": 12, ""recovery"": 3, ""customers"": [4]}, {""p"": 2, ""launch"": 3, ""recovery"": 1, ""customers"": [9]}, {""p"": 3, ""launch"": 1, ""recovery"": 7, ""customers"": [10, 11]}, {""p"": 4, ""launch"": 6, ""recovery"": 13, ""customers"": [14]}], ""3"": [], ""4"": []}",,,,,,,,,,,,,,33cae732436e27f2e125a4b852688a3264f8017f2ac4c96951d0a47651527cfc,bfe907e890727ae9ab821ccced69709c3f58886c87e14fd2fe9aed1e5a642b89,1916422664751d0b40fc13e6a662f8286d085a727dbf69ff7149c2837a6f959a
r101改15.xlsx,IALNS-final-frozen-20261002,R,101,15,333287,0.6,,,,,small_full_regression,4500,True,789.0527546663667,True,518.6848236949082,26.70591199991759,26.546875,0.058960899943485856,,,,,,140.0,345.60350747203296,9.573842885626853,18.765093588106794,4.742379749141636,100.86457703765936,143.36592119684946,23.71189874570818,2,6,,,,1,0.46912733970266984,17,742,,,,,,"[0, 12, 3, 1, 7, 8, 6, 13, 16]","{""1"": [{""p"": 1, ""launch"": 12, ""recovery"": 3, ""customers"": [4]}, {""p"": 2, ""launch"": 3, ""recovery"": 1, ""customers"": [9]}, {""p"": 3, ""launch"": 1, ""recovery"": 7, ""customers"": [10, 11]}, {""p"": 4, ""launch"": 6, ""recovery"": 13, ""customers"": [2, 15]}], ""2"": [{""p"": 1, ""launch"": 0, ""recovery"": 6, ""customers"": [5]}, {""p"": 2, ""launch"": 6, ""recovery"": 13, ""customers"": [14]}], ""3"": [], ""4"": []}",,,,,,,,,,,,,,33cae732436e27f2e125a4b852688a3264f8017f2ac4c96951d0a47651527cfc,bfe907e890727ae9ab821ccced69709c3f58886c87e14fd2fe9aed1e5a642b89,1916422664751d0b40fc13e6a662f8286d085a727dbf69ff7149c2837a6f959a
rc101改15.xlsx,IALNS-final-frozen-20261002,RC,101,15,104729,0.6,,,,,small_full_regression,4500,True,578.6067446290549,True,491.3875218645252,20.08239820005838,19.890625,0.12490019993856549,,,,,,120.0,366.1753969454628,0.0,0.0,5.2121249190623535,118.93137746396617,31.270881845214348,26.060624595311765,1,4,,,,0,0.0,24,3795,,,,,,"[0, 2, 5, 4, 6, 12, 13, 10, 16]","{""1"": [{""p"": 1, ""launch"": 5, ""recovery"": 4, ""customers"": [3, 1]}, {""p"": 2, ""launch"": 4, ""recovery"": 6, ""customers"": [8, 7]}, {""p"": 3, ""launch"": 12, ""recovery"": 13, ""customers"": [14, 15]}, {""p"": 4, ""launch"": 13, ""recovery"": 10, ""customers"": [9, 11]}], ""2"": [], ""3"": [], ""4"": []}",,,,,,,,,,,,,,33cae732436e27f2e125a4b852688a3264f8017f2ac4c96951d0a47651527cfc,f8b01c61762dbbe07826b4f31bb3c7d35d9e162e62a5b5d29e340f79bc69dc20,b9bd3d9ac94463144935585fb50ea710a1fd643498ab21316a34c3d31db7ad9e
rc101改15.xlsx,IALNS-final-frozen-20261002,RC,101,15,130363,0.6,,,,,small_full_regression,4500,True,578.6067446290549,True,491.3875218645252,17.618732099886984,17.4375,0.019698800053447485,,,,,,120.0,366.1753969454628,0.0,0.0,5.2121249190623535,118.93137746396617,31.270881845214348,26.060624595311765,1,4,,,,0,0.0,26,3630,,,,,,"[0, 2, 5, 4, 6, 12, 13, 10, 16]","{""1"": [{""p"": 1, ""launch"": 5, ""recovery"": 4, ""customers"": [3, 1]}, {""p"": 2, ""launch"": 4, ""recovery"": 6, ""customers"": [8, 7]}, {""p"": 3, ""launch"": 12, ""recovery"": 13, ""customers"": [14, 15]}, {""p"": 4, ""launch"": 13, ""recovery"": 10, ""customers"": [9, 11]}], ""2"": [], ""3"": [], ""4"": []}",,,,,,,,,,,,,,33cae732436e27f2e125a4b852688a3264f8017f2ac4c96951d0a47651527cfc,f8b01c61762dbbe07826b4f31bb3c7d35d9e162e62a5b5d29e340f79bc69dc20,b9bd3d9ac94463144935585fb50ea710a1fd643498ab21316a34c3d31db7ad9e
rc101改15.xlsx,IALNS-final-frozen-20261002,RC,101,15,155921,0.6,,,,,small_full_regression,4500,True,578.6067446290549,True,491.3875218645252,19.009421599912457,18.8125,0.016303100041113794,,,,,,120.0,366.1753969454628,0.0,0.0,5.2121249190623535,118.93137746396617,31.270881845214348,26.060624595311765,1,4,,,,0,0.0,23,3932,,,,,,"[0, 2, 5, 4, 6, 12, 13, 10, 16]","{""1"": [{""p"": 1, ""launch"": 5, ""recovery"": 4, ""customers"": [3, 1]}, {""p"": 2, ""launch"": 4, ""recovery"": 6, ""customers"": [8, 7]}, {""p"": 3, ""launch"": 12, ""recovery"": 13, ""customers"": [14, 15]}, {""p"": 4, ""launch"": 13, ""recovery"": 10, ""customers"": [9, 11]}], ""2"": [], ""3"": [], ""4"": []}",,,,,,,,,,,,,,33cae732436e27f2e125a4b852688a3264f8017f2ac4c96951d0a47651527cfc,f8b01c61762dbbe07826b4f31bb3c7d35d9e162e62a5b5d29e340f79bc69dc20,b9bd3d9ac94463144935585fb50ea710a1fd643498ab21316a34c3d31db7ad9e
rc101改15.xlsx,IALNS-final-frozen-20261002,RC,101,15,181081,0.6,,,,,small_full_regression,4500,True,578.6067446290549,True,491.7637387883946,19.607602100004442,19.515625,0.01860890001989901,,,,,,120.0,366.5481891515986,0.0,0.0,5.215549636796054,118.93137746396617,32.51352253233363,26.07774818398027,1,4,,,,0,0.0,12,1698,,,,,,"[0, 2, 4, 5, 6, 12, 13, 10, 16]","{""1"": [{""p"": 1, ""launch"": 4, ""recovery"": 5, ""customers"": [1, 3]}, {""p"": 2, ""launch"": 5, ""recovery"": 6, ""customers"": [8, 7]}, {""p"": 3, ""launch"": 12, ""recovery"": 13, ""customers"": [14, 15]}, {""p"": 4, ""launch"": 13, ""recovery"": 10, ""customers"": [9, 11]}], ""2"": [], ""3"": [], ""4"": []}",,,,,,,,,,,,,,33cae732436e27f2e125a4b852688a3264f8017f2ac4c96951d0a47651527cfc,f8b01c61762dbbe07826b4f31bb3c7d35d9e162e62a5b5d29e340f79bc69dc20,b9bd3d9ac94463144935585fb50ea710a1fd643498ab21316a34c3d31db7ad9e
rc101改15.xlsx,IALNS-final-frozen-20261002,RC,101,15,206369,0.6,,,,,small_full_regression,4500,True,578.6067446290549,True,491.3875218645252,18.717617699992843,18.609375,0.0219157999381423,,,,,,120.0,366.1753969454628,0.0,0.0,5.2121249190623535,118.93137746396617,31.270881845214348,26.060624595311765,1,4,,,,0,0.0,11,3471,,,,,,"[0, 2, 5, 4, 6, 12, 13, 10, 16]","{""1"": [{""p"": 1, ""launch"": 5, ""recovery"": 4, ""customers"": [3, 1]}, {""p"": 2, ""launch"": 4, ""recovery"": 6, ""customers"": [8, 7]}, {""p"": 3, ""launch"": 12, ""recovery"": 13, ""customers"": [14, 15]}, {""p"": 4, ""launch"": 13, ""recovery"": 10, ""customers"": [9, 11]}], ""2"": [], ""3"": [], ""4"": []}",,,,,,,,,,,,,,33cae732436e27f2e125a4b852688a3264f8017f2ac4c96951d0a47651527cfc,f8b01c61762dbbe07826b4f31bb3c7d35d9e162e62a5b5d29e340f79bc69dc20,b9bd3d9ac94463144935585fb50ea710a1fd643498ab21316a34c3d31db7ad9e
rc101改15.xlsx,IALNS-final-frozen-20261002,RC,101,15,231779,0.6,,,,,small_full_regression,4500,True,578.6067446290549,True,491.3875218645252,16.271494399989024,16.21875,0.02406560000963509,,,,,,120.0,366.1753969454628,0.0,0.0,5.2121249190623535,118.93137746396617,31.270881845214348,26.060624595311765,1,4,,,,0,0.0,18,2337,,,,,,"[0, 2, 5, 4, 6, 12, 13, 10, 16]","{""1"": [{""p"": 1, ""launch"": 5, ""recovery"": 4, ""customers"": [3, 1]}, {""p"": 2, ""launch"": 4, ""recovery"": 6, ""customers"": [8, 7]}, {""p"": 3, ""launch"": 12, ""recovery"": 13, ""customers"": [14, 15]}, {""p"": 4, ""launch"": 13, ""recovery"": 10, ""customers"": [9, 11]}], ""2"": [], ""3"": [], ""4"": []}",,,,,,,,,,,,,,33cae732436e27f2e125a4b852688a3264f8017f2ac4c96951d0a47651527cfc,f8b01c61762dbbe07826b4f31bb3c7d35d9e162e62a5b5d29e340f79bc69dc20,b9bd3d9ac94463144935585fb50ea710a1fd643498ab21316a34c3d31db7ad9e
rc101改15.xlsx,IALNS-final-frozen-20261002,RC,101,15,257053,0.6,,,,,small_full_regression,4500,True,578.6067446290549,True,491.7637387883946,15.442157300072722,15.390625,0.022462200024165213,,,,,,120.0,366.5481891515986,0.0,0.0,5.215549636796054,118.93137746396617,32.51352253233363,26.07774818398027,1,4,,,,0,0.0,14,2086,,,,,,"[0, 2, 4, 5, 6, 12, 13, 10, 16]","{""1"": [{""p"": 1, ""launch"": 4, ""recovery"": 5, ""customers"": [1, 3]}, {""p"": 2, ""launch"": 5, ""recovery"": 6, ""customers"": [8, 7]}, {""p"": 3, ""launch"": 12, ""recovery"": 13, ""customers"": [14, 15]}, {""p"": 4, ""launch"": 13, ""recovery"": 10, ""customers"": [9, 11]}], ""2"": [], ""3"": [], ""4"": []}",,,,,,,,,,,,,,33cae732436e27f2e125a4b852688a3264f8017f2ac4c96951d0a47651527cfc,f8b01c61762dbbe07826b4f31bb3c7d35d9e162e62a5b5d29e340f79bc69dc20,b9bd3d9ac94463144935585fb50ea710a1fd643498ab21316a34c3d31db7ad9e
rc101改15.xlsx,IALNS-final-frozen-20261002,RC,101,15,282427,0.6,,,,,small_full_regression,4500,True,578.6067446290549,True,491.7637387883946,17.0754723000573,17.015625,0.024962499970570207,,,,,,120.0,366.5481891515986,0.0,0.0,5.215549636796054,118.93137746396617,32.51352253233363,26.07774818398027,1,4,,,,0,0.0,11,2729,,,,,,"[0, 2, 4, 5, 6, 12, 13, 10, 16]","{""1"": [{""p"": 1, ""launch"": 4, ""recovery"": 5, ""customers"": [1, 3]}, {""p"": 2, ""launch"": 5, ""recovery"": 6, ""customers"": [8, 7]}, {""p"": 3, ""launch"": 12, ""recovery"": 13, ""customers"": [14, 15]}, {""p"": 4, ""launch"": 13, ""recovery"": 10, ""customers"": [9, 11]}], ""2"": [], ""3"": [], ""4"": []}",,,,,,,,,,,,,,33cae732436e27f2e125a4b852688a3264f8017f2ac4c96951d0a47651527cfc,f8b01c61762dbbe07826b4f31bb3c7d35d9e162e62a5b5d29e340f79bc69dc20,b9bd3d9ac94463144935585fb50ea710a1fd643498ab21316a34c3d31db7ad9e
rc101改15.xlsx,IALNS-final-frozen-20261002,RC,101,15,307831,0.6,,,,,small_full_regression,4500,True,578.6067446290549,True,491.8295711752097,18.467240599915385,18.390625,0.01821820007171482,,,,,,120.0,366.6111304824954,0.0,0.0,5.218440692714314,119.08020853808165,31.23501622750161,26.092203463571565,1,3,,,,0,0.0,8,1019,,,,,,"[0, 2, 4, 5, 7, 12, 13, 10, 16]","{""1"": [{""p"": 1, ""launch"": 5, ""recovery"": 7, ""customers"": [3, 1, 8, 6]}, {""p"": 2, ""launch"": 12, ""recovery"": 13, ""customers"": [14, 15]}, {""p"": 3, ""launch"": 13, ""recovery"": 10, ""customers"": [9, 11]}], ""2"": [], ""3"": [], ""4"": []}",,,,,,,,,,,,,,33cae732436e27f2e125a4b852688a3264f8017f2ac4c96951d0a47651527cfc,f8b01c61762dbbe07826b4f31bb3c7d35d9e162e62a5b5d29e340f79bc69dc20,b9bd3d9ac94463144935585fb50ea710a1fd643498ab21316a34c3d31db7ad9e
rc101改15.xlsx,IALNS-final-frozen-20261002,RC,101,15,333287,0.6,,,,,small_full_regression,4500,True,578.6067446290549,True,491.3875218645252,18.31489760009572,18.15625,0.014625799958594143,,,,,,120.0,366.1753969454628,0.0,0.0,5.2121249190623535,118.93137746396617,31.270881845214348,26.060624595311765,1,4,,,,0,0.0,16,256,,,,,,"[0, 2, 5, 4, 6, 12, 13, 10, 16]","{""1"": [{""p"": 1, ""launch"": 5, ""recovery"": 4, ""customers"": [3, 1]}, {""p"": 2, ""launch"": 4, ""recovery"": 6, ""customers"": [8, 7]}, {""p"": 3, ""launch"": 12, ""recovery"": 13, ""customers"": [14, 15]}, {""p"": 4, ""launch"": 13, ""recovery"": 10, ""customers"": [9, 11]}], ""2"": [], ""3"": [], ""4"": []}",,,,,,,,,,,,,,33cae732436e27f2e125a4b852688a3264f8017f2ac4c96951d0a47651527cfc,f8b01c61762dbbe07826b4f31bb3c7d35d9e162e62a5b5d29e340f79bc69dc20,b9bd3d9ac94463144935585fb50ea710a1fd643498ab21316a34c3d31db7ad9e
