suite,instance,analysis,parameter_value,seeds,best_cost,mean_cost,worst_cost,cost_std_sample,runtime_mean,total_sec_mean
main,c101改10.xlsx,,,10,240.34873458171506,240.56960790461721,241.6282113640098,0.4729021665930966,8.152504759992008,8.163613189966417
main,c101改100.xlsx,,,10,1643.8422165322788,1733.3010650636206,1835.4580780377792,66.26174832190351,2105.17249375002,2126.06525304002
main,c101改20.xlsx,,,10,379.31615269595693,380.4732790306526,384.76829093296317,2.273203335849815,36.499140199983955,36.532913529966024
main,c101改50.xlsx,,,10,632.0717059350822,639.5884716777545,653.2442692098484,8.107372218547992,343.0467687599943,344.50447673001327
main,c102改10.xlsx,,,10,245.8046683290213,245.98585763125314,246.43451212259458,0.2619533880270398,5.800631460000295,5.812325930013321
main,c102改100.xlsx,,,10,1548.850440205154,1715.7683831518855,1898.2146719317395,102.89540791775677,2193.1714472500025,2200.018923040002
main,c102改20.xlsx,,,10,316.64481385012823,317.12033496926136,320.524876376358,1.201235103973708,48.7306166900089,48.78936095003737
main,c102改50.xlsx,,,10,607.8166444143332,626.1901033498749,645.7050139613419,13.577194417451079,391.3463466799818,391.8786544000148
main,r101改10.xlsx,,,10,451.3472048554212,451.3472048554212,451.3472048554212,0.0,7.393773789971601,7.411451029975433
main,r101改100.xlsx,,,10,1102.0355489214282,1149.865632625471,1255.3772271524006,47.256310900530444,2215.3749414199847,2229.3070214200184
main,r101改20.xlsx,,,10,597.3241277864805,597.3457793302474,597.3962995990369,0.034862297540313676,44.53537570000626,44.764240589994
main,r101改50.xlsx,,,10,843.7766919439806,859.2417397540253,913.9191990084367,20.96446324649303,365.7222145299893,367.3546652699821
main,r102改10.xlsx,,,10,412.369193430274,412.369193430274,412.369193430274,0.0,6.457541480008513,6.47385889000725
main,r102改100.xlsx,,,10,1218.2483103554848,1285.0484011428762,1399.7814436888214,69.16168422439263,2370.180429400003,2379.2879430099624
main,r102改20.xlsx,,,10,543.3476402180066,543.3476402180066,543.3476402180066,0.0,40.47967172001954,40.61901663001627
main,r102改50.xlsx,,,10,865.0714176756583,873.3473420874707,905.5731735942084,12.103641007338599,390.1959729499998,391.6517632999923
main,rc101改10.xlsx,,,10,469.0218224853208,469.0218224853208,469.0218224853208,0.0,5.314657140010968,5.32191922996426
main,rc101改100.xlsx,,,10,1904.8376091730152,2033.362730694174,2347.1094231531783,130.64823394611454,2245.570320869994,2251.22294192001
main,rc101改20.xlsx,,,10,600.1423281473935,601.0599757118501,603.0850693267099,1.1699776898579786,37.34301689000567,37.37535400999477
main,rc101改50.xlsx,,,10,1224.906220358316,1267.7067795760483,1360.770926553405,46.91575419805984,301.7307603999972,302.79001494995316
main,rc102改10.xlsx,,,10,465.0085166048276,465.0085166048276,465.0085166048276,0.0,9.068247320025694,9.078431840031408
main,rc102改100.xlsx,,,10,1715.489966397388,1910.2969000658795,2121.5891082790263,135.2294623662189,2044.7339298799984,2057.003876100015
main,rc102改20.xlsx,,,10,659.508836363459,659.651847793222,660.9389506610894,0.452241849488413,36.973062919988294,37.00484735995997
main,rc102改50.xlsx,,,10,1338.1561325835744,1408.8706793060867,1495.1962456564077,58.36039472033208,323.0943087600055,324.94306885004045
small,c101改15.xlsx,,,10,272.12481608066014,272.2451688783521,273.32834405758,0.3805889634801357,33.46007101001451,
small,c101改5.xlsx,,,10,216.1790306306536,216.1790306306536,216.1790306306536,0.0,0.6881495100213215,
small,r101改15.xlsx,,,10,518.6848236949082,518.6848236949082,518.6848236949082,0.0,27.07185877999291,
small,r101改5.xlsx,,,10,337.8661401238072,337.8661401238072,337.8661401238072,0.0,2.0451349300099535,
small,rc101改15.xlsx,,,10,491.3875218645252,491.5445918727545,491.8295711752097,0.20366509536833433,18.060703389998526,
small,rc101改5.xlsx,,,10,330.7974880425257,330.7974880425257,330.7974880425257,0.0,0.9710127099649981,
sensitivity,c101改50.xlsx,drone_capacity,1.0,10,791.5350541541846,795.8495608724915,806.3149940867326,4.257540956648845,295.8566102299839,297.86354387993924
sensitivity,c101改50.xlsx,drone_capacity,1.5,10,733.8894841788413,743.3075114432343,762.6304853610491,7.8013452198584154,346.89630414000715,349.6059244400123
sensitivity,c101改50.xlsx,drone_capacity,2.0,10,655.3576184929083,669.1395249481102,679.6831473444191,8.866891945307575,351.76468746002064,354.8794837500318
sensitivity,c101改50.xlsx,drone_capacity,2.5,10,632.0717059350822,639.5884716777545,653.2442692098484,8.107372218547992,343.0467687599943,344.50447673001327
sensitivity,c101改50.xlsx,drone_capacity,3.0,10,627.5496425011224,631.8334807070402,646.2972661482742,5.42686408376896,307.55416173998964,308.48242294999073
sensitivity,c101改50.xlsx,drone_endurance,0.2,10,710.4192337080016,718.4966892865089,737.5487265170223,9.435613657413516,288.31403224994426,289.2814941199031
sensitivity,c101改50.xlsx,drone_endurance,0.3,10,648.1516324652538,655.910714744032,665.3334052136157,6.517469117841681,327.0107788299909,328.80257113000846
sensitivity,c101改50.xlsx,drone_endurance,0.4,10,633.9818317118,642.3222916648969,650.0509288223051,5.757003577571935,336.0279443600099,337.6398859000299
sensitivity,c101改50.xlsx,drone_endurance,0.5,10,632.0717059350822,639.5884716777545,653.2442692098484,8.107372218547992,343.0467687599943,344.50447673001327
sensitivity,c101改50.xlsx,drone_endurance,0.6,10,630.894917716849,636.1303541291334,655.7473547331181,7.32451551639606,353.04612900000063,354.3904211699963
sensitivity,c101改50.xlsx,exposure_ratio,0,10,631.3394129105725,637.7690981853981,654.823278696819,7.906474051636549,329.61820743000135,331.04805062001105
sensitivity,c101改50.xlsx,exposure_ratio,0.1,10,631.4679328648755,636.0080215880765,645.3125875697823,3.8956368704060926,331.34262820000293,332.8210271499935
sensitivity,c101改50.xlsx,exposure_ratio,0.2,10,643.4882077975026,647.7979215694878,653.0919467835387,3.2808810300087003,354.79892921001885,355.88264557003276
sensitivity,c101改50.xlsx,exposure_ratio,0.3,10,642.2750033408511,649.2725198677529,656.6712281247694,5.380940576654606,370.7027712100069,372.0405132799642
sensitivity,c101改50.xlsx,exposure_ratio,0.4,10,640.6383788666094,653.3522990556158,665.5173916889061,7.931891499604133,365.64884758003757,367.22849446000765
sensitivity,c101改50.xlsx,exposure_ratio,0.5,10,643.3700891824891,651.6860657139812,663.560676398004,6.267586993927911,371.88589671999216,374.1144959799829
sensitivity,c101改50.xlsx,max_drones,0,10,1037.6166816255081,1037.6166816255081,1037.6166816255081,0.0,187.53644297997235,190.74490372994916
sensitivity,c101改50.xlsx,max_drones,1,10,627.9201555781832,646.8805405857349,659.9466579385024,10.817459858430595,203.35677287002326,206.3817913000239
sensitivity,c101改50.xlsx,max_drones,2,10,631.4938708877615,637.5503148173675,653.6385750123633,8.375122291344558,244.5220527999918,247.49158657001098
sensitivity,c101改50.xlsx,max_drones,3,10,630.7023574751665,638.2775520271236,660.4406609273728,9.770714632320832,295.7155248200055,297.8003408400109
sensitivity,c101改50.xlsx,max_drones,4,10,632.0717059350822,639.5884716777545,653.2442692098484,8.107372218547992,343.0467687599943,344.50447673001327
sensitivity,c101改50.xlsx,max_drones,5,10,631.3477180857484,639.0232993790383,650.040056114537,7.577729790728488,352.399977019988,353.12246561998035
sensitivity,c101改50.xlsx,road_factor,1.1,10,518.703316338561,522.3668781502435,529.5019395680107,4.0298615598167755,348.39646246999035,349.87618168001063
sensitivity,c101改50.xlsx,road_factor,1.3,10,575.5133016676185,577.6783477425867,581.9916381900847,2.156663213964975,338.94426191998645,340.36925770001255
sensitivity,c101改50.xlsx,road_factor,1.5,10,632.0717059350822,639.5884716777545,653.2442692098484,8.107372218547992,343.0467687599943,344.50447673001327
sensitivity,c101改50.xlsx,road_factor,1.7,10,688.7191621276016,695.2663238603129,708.2735789928555,6.048636020474247,332.22923883000624,333.69867849007716
sensitivity,c101改50.xlsx,road_factor,1.9,10,750.1308582701885,760.5265689188413,776.3831865811219,9.52612122371156,324.8352347800275,326.28322348003275
sensitivity,r101改50.xlsx,drone_capacity,1.0,10,1376.8346612687512,1419.272126038348,1519.6368799264187,49.7958337356712,378.1765377700096,379.2686328100041
sensitivity,r101改50.xlsx,drone_capacity,1.5,10,1093.5159089994077,1129.761194883509,1193.8606609038322,31.260452049533523,367.35780489000024,368.2851288400008
sensitivity,r101改50.xlsx,drone_capacity,2.0,10,904.3130770622707,930.9340964891313,960.9064852732065,14.430757876063469,402.78759317999936,404.0862581399735
sensitivity,r101改50.xlsx,drone_capacity,2.5,10,843.7766919439806,859.2417397540253,913.9191990084367,20.96446324649303,365.7222145299893,367.3546652699821
sensitivity,r101改50.xlsx,drone_capacity,3.0,10,837.4838975655865,845.9359471992674,857.3826891688374,6.812879871001529,371.8033800099627,372.4723268399481
sensitivity,r101改50.xlsx,drone_endurance,0.2,10,2358.483683264946,2520.01904970292,2711.4472005360894,104.58148002272745,269.32073025001444,271.4552097200416
sensitivity,r101改50.xlsx,drone_endurance,0.3,10,1005.1942472647105,1065.4785148637266,1262.1409326915132,88.85993836978832,323.6476327099954,324.9656013800297
sensitivity,r101改50.xlsx,drone_endurance,0.4,10,918.1440586615341,932.282454960592,948.3445399295281,10.508036417412224,347.3902753000264,349.49502488998695
sensitivity,r101改50.xlsx,drone_endurance,0.5,10,843.7766919439806,859.2417397540253,913.9191990084367,20.96446324649303,365.7222145299893,367.3546652699821
sensitivity,r101改50.xlsx,drone_endurance,0.6,10,806.0333182989818,824.9231241069864,839.9322752872865,9.588703836867767,384.04647166001376,385.9723567900131
sensitivity,r101改50.xlsx,exposure_ratio,0,10,841.3451121099047,851.9542432822388,873.7129306913403,11.910795693388069,365.8829923600075,368.68070760995613
sensitivity,r101改50.xlsx,exposure_ratio,0.1,10,850.3254518077882,858.5082272304437,868.4242084590396,6.569408682952311,386.20116438000696,389.28502713998313
sensitivity,r101改50.xlsx,exposure_ratio,0.2,10,854.400995712565,865.770423621718,884.3444349248298,8.86567355135179,390.5014915599604,392.75798808991675
sensitivity,r101改50.xlsx,exposure_ratio,0.3,10,868.4991982048429,888.7702451059046,960.0901455789427,27.06813589458653,388.86722501999463,391.5104754599626
sensitivity,r101改50.xlsx,exposure_ratio,0.4,10,867.641830368398,877.5421187733031,900.9447645486237,10.747872438388004,399.5082281199866,401.8277296899934
sensitivity,r101改50.xlsx,exposure_ratio,0.5,10,874.495790212853,894.4729832688744,920.1179779273135,14.55147619965174,393.6783848999883,396.5547462400165
sensitivity,r101改50.xlsx,max_drones,0,10,5291.39333885727,5324.57737357915,5418.336601978107,50.293669608886596,165.39355826999525,168.68707313999766
sensitivity,r101改50.xlsx,max_drones,1,10,887.8555814361966,926.6809469767006,1008.7432142539466,37.728703387364135,214.41660355998903,217.6814880500082
sensitivity,r101改50.xlsx,max_drones,2,10,846.2012553599419,873.204241060834,901.1315282386817,23.061396863366838,247.38887830999448,249.97154118997278
sensitivity,r101改50.xlsx,max_drones,3,10,839.2685626118141,853.6785423739857,874.1774462093307,12.416503078144201,298.0833747499855,301.29502674993125
sensitivity,r101改50.xlsx,max_drones,4,10,843.7766919439806,859.2417397540253,913.9191990084367,20.96446324649303,365.7222145299893,367.3546652699821
sensitivity,r101改50.xlsx,max_drones,5,10,842.6815357632845,856.0357980290819,866.1732972743698,6.924682781443878,410.44258693001467,411.76577700002815
sensitivity,r101改50.xlsx,road_factor,1.1,10,664.8612601451385,672.8181329600782,692.4371823450101,9.741134723898352,387.11099279001354,389.50908421002094
sensitivity,r101改50.xlsx,road_factor,1.3,10,746.2675111923693,757.6855013209847,772.9160764123199,10.6025492390683,368.54136086003854,370.2033325700671
sensitivity,r101改50.xlsx,road_factor,1.5,10,843.7766919439806,859.2417397540253,913.9191990084367,20.96446324649303,365.7222145299893,367.3546652699821
sensitivity,r101改50.xlsx,road_factor,1.7,10,939.8084402762756,962.9547953752761,996.3700817294069,18.92697493529371,376.04676187003497,377.75431427004514
sensitivity,r101改50.xlsx,road_factor,1.9,10,1062.6341865546826,1099.2238375778961,1219.5809700509265,46.57063684480624,372.4217090799939,373.91433578997385
sensitivity,rc101改50.xlsx,drone_capacity,1.0,10,1718.0175456442346,1834.4980317166235,1961.8961447316462,106.90994839691211,324.263451559993,326.0378735100036
sensitivity,rc101改50.xlsx,drone_capacity,1.5,10,1736.3954118607078,1825.6809706248002,2074.1961950317273,97.2054214340799,322.53429280997955,323.5598368599429
sensitivity,rc101改50.xlsx,drone_capacity,2.0,10,1416.2615634604667,1429.3237107693697,1444.808453833087,8.61328173199949,289.9727164900047,291.0825252900016
sensitivity,rc101改50.xlsx,drone_capacity,2.5,10,1224.906220358316,1267.7067795760483,1360.770926553405,46.91575419805984,301.7307603999972,302.79001494995316
sensitivity,rc101改50.xlsx,drone_capacity,3.0,10,1162.5596088575883,1225.2015785939116,1354.914065664616,76.37322835509164,289.43392594000323,290.1822405099985
sensitivity,rc101改50.xlsx,drone_endurance,0.2,10,1768.9097132396823,1798.6554900564995,1865.0998961274015,33.84443855029086,307.88489183002383,308.3634567800327
sensitivity,rc101改50.xlsx,drone_endurance,0.3,10,1711.595573693387,1750.6082646691898,1871.7521956755659,50.412774522732626,302.02243224999404,302.4309021400171
sensitivity,rc101改50.xlsx,drone_endurance,0.4,10,1469.8807747305607,1500.3158104657084,1511.6089555236963,12.70890727748616,301.1109449600102,301.4764664499904
sensitivity,rc101改50.xlsx,drone_endurance,0.5,10,1224.906220358316,1267.7067795760483,1360.770926553405,46.91575419805984,301.7307603999972,302.79001494995316
sensitivity,rc101改50.xlsx,drone_endurance,0.6,10,1157.0879609686883,1185.3892735674253,1230.8686089904695,22.835036766564574,327.95013521001675,328.8669943499728
sensitivity,rc101改50.xlsx,exposure_ratio,0,10,1223.1894454633436,1252.738695286583,1301.4693918365142,28.6851442856524,307.91645339999815,308.4636473999941
sensitivity,rc101改50.xlsx,exposure_ratio,0.1,10,1238.325663580569,1268.812930148293,1348.8201122653754,33.94278788206553,324.32317180999087,324.91465821997264
sensitivity,rc101改50.xlsx,exposure_ratio,0.2,10,1260.270111744527,1322.6945553904052,1371.6997375166789,49.27379161566598,319.4409847499919,320.4395631199703
sensitivity,rc101改50.xlsx,exposure_ratio,0.3,10,1248.5184031687265,1299.234254019177,1372.1682794972521,51.14092814738044,325.5774073599954,326.64869077998446
sensitivity,rc101改50.xlsx,exposure_ratio,0.4,10,1250.2859077922333,1311.7390927939173,1379.0128166611942,53.34644365603936,308.88090662001633,309.9422351800255
sensitivity,rc101改50.xlsx,exposure_ratio,0.5,10,1334.7655452789377,1394.965542309453,1487.2503803364448,44.09570163420663,348.09748749998397,349.77083947997306
sensitivity,rc101改50.xlsx,max_drones,0,10,3189.727375451974,3247.888050179043,3480.5307490873197,122.61346825982035,138.8243692199816,142.10196854994865
sensitivity,rc101改50.xlsx,max_drones,1,10,1797.6199683929685,1831.7658590281453,1865.379994132085,22.15237384271871,226.2845783800003,228.38400256994646
sensitivity,rc101改50.xlsx,max_drones,2,10,1561.8128280299356,1628.3427729931495,1670.8229858030259,40.37692834859764,258.39382106000556,260.93914665997727
sensitivity,rc101改50.xlsx,max_drones,3,10,1320.360611028035,1393.1691975544768,1451.0627986078275,39.877993687876845,287.52197064998325,288.7976904299809
sensitivity,rc101改50.xlsx,max_drones,4,10,1224.906220358316,1267.7067795760483,1360.770926553405,46.91575419805984,301.7307603999972,302.79001494995316
sensitivity,rc101改50.xlsx,max_drones,5,10,1153.5090820832368,1188.0469648036765,1360.9878233679917,62.32917942849682,331.11455095998247,331.48458684999497
sensitivity,rc101改50.xlsx,road_factor,1.1,10,873.7004131701938,883.2989494373236,937.9151996602864,19.52963175434298,310.93562291999115,311.3550019399612
sensitivity,rc101改50.xlsx,road_factor,1.3,10,1040.9623593671458,1058.7020816433333,1115.4111035898009,29.924061678184543,315.94305542998484,316.92656703995306
sensitivity,rc101改50.xlsx,road_factor,1.5,10,1224.906220358316,1267.7067795760483,1360.770926553405,46.91575419805984,301.7307603999972,302.79001494995316
sensitivity,rc101改50.xlsx,road_factor,1.7,10,1464.5877434594422,1606.8301596110648,1813.5308469158174,98.259033861482,319.2459649800323,320.19715599005576
sensitivity,rc101改50.xlsx,road_factor,1.9,10,1894.6592961257916,1992.6640025224724,2271.85331865375,113.59993679773218,317.8442283299868,318.80006242998644
